                  epoch,         train/box_loss,        train/pose_loss,        train/kobj_loss,         train/cls_loss,         train/dfl_loss,   metrics/precision(B),      metrics/recall(B),       metrics/mAP50(B),    metrics/mAP50-95(B),   metrics/precision(P),      metrics/recall(P),       metrics/mAP50(P),    metrics/mAP50-95(P),           val/box_loss,          val/pose_loss,          val/kobj_loss,           val/cls_loss,           val/dfl_loss,                 lr/pg0,                 lr/pg1,                 lr/pg2
                      1,                 3.1543,                    1.9,                0.76124,                 6.2495,                 2.4269,                0.22752,                0.05556,                0.04424,                0.01256,                0.16377,                0.12341,                0.10188,                0.08349,                 2.7159,                0.97248,                0.73205,                  2.933,                 2.1761,                0.00018,                0.00018,                0.00018
                      2,                 2.6577,                 1.2964,                0.70819,                 3.0145,                 1.9811,                0.18431,                0.34734,                0.14907,                0.04166,                 0.3866,                0.44444,                0.37998,                0.32777,                 2.3714,                0.95593,                0.72402,                 2.5166,                 1.9144,             0.00037875,             0.00037875,             0.00037875
                      3,                 2.5809,                 0.8147,                0.62389,                   2.34,                  1.897,                 0.3593,                0.37037,                0.24159,                  0.103,                0.42535,                    0.5,                0.47202,                0.40367,                 2.3145,                0.75013,                0.68938,                 2.0364,                 2.0151,             0.00057617,             0.00057617,             0.00057617
                      4,                 2.3487,                0.69253,                0.53973,                  1.958,                 1.7267,                0.37381,                0.47541,                 0.3508,                0.13554,                0.46805,                0.59259,                0.51242,                0.44262,                 2.2256,                0.62325,                 0.6242,                 2.2079,                 1.9226,             0.00077228,             0.00077228,             0.00077228
                      5,                 2.3923,                0.57789,                0.47756,                 1.9091,                 1.7024,                0.25872,                0.31481,                0.23826,                0.09698,                 0.3806,                0.40968,                0.41379,                0.35976,                 2.6393,                0.58017,                0.57304,                  2.829,                 2.2455,             0.00096706,             0.00096706,             0.00096706
                      6,                 2.1825,                0.63214,                0.37785,                 1.8377,                 1.5283,                0.50554,                0.40741,                0.44391,                0.18696,                0.52799,                0.58007,                0.60282,                0.54119,                 2.1815,                0.49481,                 0.4296,                 1.7841,                 1.8989,              0.0011605,              0.0011605,              0.0011605
                      7,                 2.1369,                0.54164,                0.33972,                 1.6738,                 1.5802,                0.47448,                0.31481,                0.37753,                0.17223,                0.55214,                0.40741,                0.47842,                0.42188,                 2.3537,                0.55901,                0.41471,                 2.2761,                 2.0097,              0.0013527,              0.0013527,              0.0013527
                      8,                 2.0846,                0.48346,                 0.2881,                 1.6373,                 1.5202,                 0.5987,                0.40741,                0.44426,                 0.1794,                0.62074,                0.54567,                0.59358,                0.53062,                 2.2316,                0.50771,                0.32237,                 1.9605,                 2.0019,              0.0015435,              0.0015435,              0.0015435
                      9,                 2.2978,                0.47735,                0.26402,                 1.7381,                 1.6225,                0.51427,                0.35294,                0.39245,                0.12892,                0.59664,                0.64815,                 0.6142,                0.52257,                 2.3093,                0.52793,                0.21772,                 2.1081,                 2.0072,               0.001733,               0.001733,               0.001733
                     10,                 2.1724,                0.42001,                0.22916,                 1.7446,                 1.6598,                 0.5174,                0.55556,                0.52062,                0.22844,                0.58864,                0.62963,                0.64766,                0.56578,                 2.0756,                0.49721,                 0.1576,                 1.8373,                 1.8543,              0.0019212,              0.0019212,              0.0019212
                     11,                 2.0393,                0.45476,                0.21978,                 1.5552,                 1.5323,                0.36831,                0.41034,                0.38523,                0.16575,                0.50734,                0.57407,                0.57573,                0.49399,                 2.5063,                0.57995,                0.21737,                 2.2934,                 2.1338,               0.001934,               0.001934,               0.001934
                     12,                 1.9696,                0.45383,                0.21745,                 1.4838,                 1.4733,                0.65203,                0.38889,                0.45887,                0.17707,                0.72737,                0.44466,                0.56004,                0.48656,                 2.2882,                0.78357,                0.28494,                  2.323,                 1.8557,               0.001934,               0.001934,               0.001934
                     13,                 2.0207,                0.39584,                0.20285,                 1.5037,                 1.4772,                0.51538,                0.46296,                0.45948,                0.16272,                0.61782,                 0.5988,                0.58188,                0.50752,                 2.5019,                0.68152,                0.20541,                 1.9948,                 2.0181,              0.0019274,              0.0019274,              0.0019274
                     14,                 1.9065,                0.46244,                0.16128,                 1.3795,                  1.398,                 0.6902,                0.48148,                0.56383,                 0.2285,                0.65332,                0.55556,                0.67565,                 0.5956,                 1.8731,                 0.3998,                0.04705,                 2.0402,                  1.522,              0.0019208,              0.0019208,              0.0019208
                     15,                 1.9252,                0.46433,                0.17233,                 1.4354,                  1.486,                0.84776,                0.61111,                0.74159,                0.36118,                0.75448,                0.74074,                0.81434,                0.71903,                 1.7796,                0.40607,                0.03796,                 1.7546,                  1.493,              0.0019142,              0.0019142,              0.0019142
                     16,                  1.937,                0.43425,                0.14467,                 1.3246,                 1.4546,                0.72939,                0.72222,                0.76043,                0.30898,                0.75547,                0.74074,                0.83664,                0.72431,                  1.903,                0.42708,                0.02466,                 1.9668,                 1.6538,              0.0019076,              0.0019076,              0.0019076
                     17,                 1.8305,                0.38351,                0.14634,                 1.3539,                 1.4128,                0.80124,                0.74074,                0.81002,                0.35834,                0.85177,                 0.7963,                0.86083,                 0.7672,                 1.8357,                0.35946,                0.03396,                 1.4101,                 1.5088,               0.001901,               0.001901,               0.001901
                     18,                 1.8126,                 0.4262,                0.15287,                 1.3629,                  1.407,                0.75799,                0.63813,                0.67054,                0.30645,                 0.8455,                0.70949,                0.79527,                0.70318,                 1.8598,                0.43045,                0.03163,                 1.4492,                 1.5624,              0.0018944,              0.0018944,              0.0018944
                     19,                 1.8108,                0.40657,                0.19117,                 1.3682,                 1.5005,                0.67499,                0.64815,                0.67672,                0.32252,                0.73861,                0.73269,                0.78793,                0.68881,                 1.9513,                0.40214,                0.02578,                 1.4518,                 1.5951,              0.0018878,              0.0018878,              0.0018878
                     20,                 1.7602,                0.42327,                0.10644,                 1.1465,                 1.3533,                0.68804,                0.64815,                0.68817,                0.30718,                0.80108,                0.74074,                0.84392,                0.75366,                 1.9954,                 0.3863,                0.02518,                  1.458,                 1.6019,              0.0018812,              0.0018812,              0.0018812
                     21,                 1.9426,                0.39217,                0.19744,                 1.2404,                  1.443,                0.76525,                0.68519,                0.72423,                0.30976,                0.83498,                0.74972,                0.84231,                0.75089,                 1.9398,                 0.3753,                0.02687,                 1.5795,                 1.5056,              0.0018746,              0.0018746,              0.0018746
                     22,                 1.9699,                 0.3936,                0.13964,                 1.2502,                 1.3908,                0.83166,                0.68519,                0.77164,                0.36079,                0.91615,                0.75926,                0.90213,                0.82902,                 1.7287,                0.33411,                0.02326,                 1.2586,                 1.3852,               0.001868,               0.001868,               0.001868
                     23,                 1.9704,                0.35126,                0.25697,                 1.3348,                 1.4019,                0.65562,                0.75926,                0.78953,                0.41158,                0.82834,                 0.7037,                0.86944,                0.77907,                 1.6576,                0.35116,                0.02568,                 1.1408,                 1.3362,              0.0018614,              0.0018614,              0.0018614
                     24,                  1.775,                0.36405,                0.14851,                 1.2206,                 1.3417,                0.73932,                0.68519,                0.74223,                0.36473,                 0.7237,                0.83333,                0.85622,                0.77104,                 1.6466,                0.34256,                0.02833,                 1.2943,                  1.317,              0.0018548,              0.0018548,              0.0018548
                     25,                  1.812,                0.34804,                0.15508,                 1.2057,                 1.3637,                0.69779,                0.77778,                0.71542,                0.29875,                0.79064,                0.83926,                0.86031,                0.76879,                 2.0512,                0.32463,                0.03871,                 1.6274,                  1.587,              0.0018482,              0.0018482,              0.0018482
                     26,                 1.7488,                0.33331,                 0.1102,                 1.1711,                 1.2898,                0.71171,                0.77778,                0.76904,                0.36337,                0.79543,                0.87037,                0.89189,                0.80975,                 1.8727,                0.36165,                0.03678,                 1.3227,                 1.4144,              0.0018416,              0.0018416,              0.0018416
                     27,                  1.689,                0.28673,                0.11385,                 1.1482,                 1.2885,                0.78715,                0.82186,                0.84936,                0.40431,                 0.8575,                0.89155,                0.93764,                0.85567,                 1.7684,                0.34663,                 0.0256,                    1.2,                 1.3515,               0.001835,               0.001835,               0.001835
                     28,                 1.7275,                 0.3346,                0.13712,                 1.1086,                 1.2733,                0.70938,                0.67811,                0.69624,                0.28465,                0.73113,                0.90644,                0.86206,                0.77675,                 2.0401,                 0.3088,                0.02858,                 1.6085,                 1.6475,              0.0018284,              0.0018284,              0.0018284
                     29,                 1.7791,                0.33206,                0.19252,                 1.1636,                  1.351,                0.76178,                0.76993,                0.79883,                0.37403,                0.88819,                0.85185,                0.91545,                0.83556,                 1.7406,                0.30246,                0.02766,                  1.211,                  1.408,              0.0018218,              0.0018218,              0.0018218
                     30,                 1.7608,                0.33933,                0.15224,                 1.1409,                  1.352,                0.81412,                0.61111,                0.72768,                 0.3327,                0.90569,                0.71143,                0.86995,                0.80347,                 2.0221,                0.28968,                0.03343,                 1.2187,                   1.72,              0.0018152,              0.0018152,              0.0018152
                     31,                  1.805,                0.30285,                0.15363,                 1.1816,                 1.3659,                  0.754,                0.64815,                0.73455,                0.36187,                0.82678,                0.72222,                0.85612,                0.78837,                 1.8482,                0.28848,                0.03792,                 1.1776,                 1.5745,              0.0018086,              0.0018086,              0.0018086
                     32,                 1.7668,                0.31137,                0.15266,                 1.1729,                 1.3332,                0.76588,                0.83333,                0.83065,                0.42357,                0.85853,                0.90741,                0.91569,                0.83505,                 1.7696,                0.29481,                0.02508,                 1.1021,                  1.468,               0.001802,               0.001802,               0.001802
                     33,                 1.7148,                0.28449,                0.14095,                  1.091,                 1.3225,                0.73747,                 0.7963,                 0.8189,                0.40575,                0.80044,                0.87037,                 0.8996,                0.83525,                 1.7758,                0.27593,                0.02512,                 1.0958,                  1.462,              0.0017954,              0.0017954,              0.0017954
                     34,                 1.5697,                 0.3331,                0.11378,                0.99268,                 1.2082,                0.86984,                0.74258,                0.83525,                0.41356,                0.86021,                0.88889,                0.91088,                0.86549,                 1.7762,                0.27269,                0.02493,                 1.0755,                  1.429,              0.0017888,              0.0017888,              0.0017888
                     35,                  1.619,                0.29698,                0.11821,                0.99949,                 1.2299,                0.89804,                0.81557,                 0.8778,                0.41027,                0.94739,                0.88889,                0.93575,                0.89716,                 1.8752,                0.25454,                0.02302,                  1.131,                 1.4877,              0.0017822,              0.0017822,              0.0017822
                     36,                 1.7322,                0.27611,                0.15739,                0.98835,                 1.3079,                0.75882,                0.85185,                0.84336,                 0.4345,                0.80155,                0.90741,                0.89909,                0.85211,                 1.7369,                0.26031,                0.01902,                 1.0259,                 1.3578,              0.0017756,              0.0017756,              0.0017756
                     37,                 1.7349,                 0.3134,                0.09785,                0.97389,                 1.3132,                0.76703,                0.77778,                0.79827,                0.41174,                0.81675,                0.83333,                 0.8797,                0.84851,                 1.7112,                0.23577,                0.02736,                 1.1932,                 1.3414,               0.001769,               0.001769,               0.001769
                     38,                 1.6396,                0.27529,                0.10593,                 1.0175,                  1.289,                0.81203,                0.72003,                0.82504,                0.43917,                 0.8314,                0.82194,                0.89754,                0.86018,                  1.627,                0.25632,                0.02127,                 1.1393,                 1.3127,              0.0017624,              0.0017624,              0.0017624
                     39,                 1.5899,                0.27092,                0.09474,                0.97999,                 1.2163,                0.65883,                0.74074,                0.78424,                 0.3845,                0.71884,                0.81481,                0.86822,                0.84978,                 1.8527,                0.22495,                0.03246,                 1.2371,                 1.4464,              0.0017558,              0.0017558,              0.0017558
                     40,                 1.7039,                0.27219,                0.09818,                 1.0821,                 1.2791,                0.88656,                0.68519,                0.87746,                 0.4331,                 0.7339,                0.87037,                0.89064,                0.85974,                 1.7435,                0.22646,                0.02242,                 1.0819,                 1.4136,              0.0017492,              0.0017492,              0.0017492
                     41,                 1.6424,                0.28892,                0.11717,                0.99776,                 1.2537,                0.88549,                0.77778,                0.86013,                0.42392,                0.90008,                0.85185,                0.92278,                0.88659,                 1.8417,                0.24998,                0.02516,                 1.0572,                 1.4499,              0.0017426,              0.0017426,              0.0017426
                     42,                 1.6649,                0.27023,                 0.1472,                 1.0242,                 1.2975,                0.86116,                 0.7963,                0.87772,                0.44688,                 0.9039,                0.83333,                0.92294,                 0.8843,                 1.7346,                 0.2525,                0.01561,                 1.0394,                 1.3782,               0.001736,               0.001736,               0.001736
                     43,                 1.5487,                0.26903,                0.10487,                0.94071,                 1.2313,                0.77627,                0.85185,                  0.852,                0.45902,                0.81152,                0.88889,                0.92389,                0.89319,                 1.6985,                0.23342,                0.01902,                0.97552,                 1.3719,              0.0017294,              0.0017294,              0.0017294
                     44,                 1.5683,                0.24819,                0.09654,                0.95673,                  1.238,                0.88153,                0.74074,                0.84544,                0.43758,                 0.8746,                0.74074,                0.87575,                0.82828,                 1.6021,                0.27423,                0.02225,                 1.0765,                  1.336,              0.0017228,              0.0017228,              0.0017228
                     45,                  1.523,                0.24861,                0.10361,                0.94941,                 1.2196,                 0.8463,                0.75926,                0.84953,                0.43569,                0.82462,                0.78373,                0.90842,                0.86282,                 1.5915,                0.25124,                0.01609,                 1.1247,                 1.3086,              0.0017162,              0.0017162,              0.0017162
                     46,                 1.5388,                0.25689,                0.09298,                0.96201,                 1.2416,                0.86645,                0.77778,                0.90521,                 0.4556,                0.88209,                0.90741,                0.95434,                  0.913,                 1.6282,                0.21387,                0.00988,                 1.1302,                 1.3424,              0.0017096,              0.0017096,              0.0017096
                     47,                 1.6146,                0.21981,                0.14677,                0.98597,                 1.2759,                0.97597,                0.75222,                0.89421,                0.45623,                0.95328,                0.81481,                0.93226,                0.90398,                 1.6456,                0.20736,                0.01598,                0.96673,                 1.3245,               0.001703,               0.001703,               0.001703
                     48,                 1.4888,                0.23165,                0.12098,                0.92462,                  1.212,                0.89664,                0.83333,                0.88475,                0.41227,                0.95061,                0.88889,                0.94244,                0.91298,                 1.8282,                0.21709,                0.02579,                0.98215,                 1.4342,              0.0016964,              0.0016964,              0.0016964
                     49,                 1.6284,                0.25294,                0.12476,                 1.0055,                 1.2815,                0.90232,                0.83333,                0.90299,                0.48496,                      1,                0.86628,                 0.9517,                0.92075,                 1.6204,                 0.2093,                0.02077,                0.94748,                 1.3382,              0.0016898,              0.0016898,              0.0016898
                     50,                 1.5187,                0.23064,                0.08596,                0.94727,                  1.178,                0.79422,                0.78627,                 0.8811,                0.42892,                0.86496,                0.92593,                0.94448,                0.90992,                 1.7007,                0.20057,                0.02322,                 1.1014,                 1.3814,              0.0016832,              0.0016832,              0.0016832
                     51,                 1.5896,                0.21795,                0.10167,                0.95963,                 1.2347,                 0.8105,                0.79211,                0.84746,                0.46896,                0.92399,                0.90057,                0.94973,                0.90056,                 1.6431,                0.21615,                0.02156,                0.98471,                 1.3304,              0.0016766,              0.0016766,              0.0016766
                     52,                  1.584,                0.23745,                0.09556,                  0.946,                 1.2242,                0.84681,                0.74074,                0.84725,                0.40622,                0.94995,                0.83333,                0.93736,                0.88942,                 1.7373,                0.24773,                0.03311,                 1.0104,                 1.4015,                0.00167,                0.00167,                0.00167
                     53,                  1.589,                0.20651,                 0.1257,                 0.9456,                 1.2025,                 0.8293,                0.80977,                0.87789,                0.45073,                0.90507,                0.88286,                0.95642,                0.90908,                 1.7044,                0.20646,                0.02101,                 1.0424,                 1.3478,              0.0016634,              0.0016634,              0.0016634
                     54,                 1.4262,                0.23489,                0.13298,                0.87277,                 1.1873,                0.79884,                0.75926,                0.83493,                0.37368,                0.91334,                0.87037,                0.95203,                0.92036,                 2.0752,                0.22112,                0.02565,                 1.1145,                 1.6225,              0.0016568,              0.0016568,              0.0016568
                     55,                 1.4971,                0.20729,                0.13655,                0.92808,                 1.2316,                0.79212,                0.84682,                0.85283,                0.38932,                0.86141,                0.92089,                0.93748,                0.89894,                 1.7314,                 0.2358,                0.02349,                 1.0814,                 1.4192,              0.0016502,              0.0016502,              0.0016502
                     56,                   1.56,                0.22663,                0.11462,                0.93042,                 1.2098,                0.83228,                 0.7963,                0.86513,                0.43144,                0.85556,                 0.8776,                0.93433,                  0.897,                 1.6868,                0.21234,                0.01661,                 1.0389,                 1.3666,              0.0016436,              0.0016436,              0.0016436
                     57,                 1.5305,                0.21097,                 0.0913,                0.90917,                 1.2083,                0.88476,                0.75926,                0.85812,                0.45102,                0.91025,                0.83333,                0.94214,                0.91643,                 1.5895,                0.21544,                0.01773,                0.94618,                 1.3204,               0.001637,               0.001637,               0.001637
                     58,                 1.4603,                0.19938,                0.11865,                 0.8305,                 1.1874,                0.93936,                0.72222,                0.82189,                0.41121,                0.97622,                0.76033,                0.91197,                0.87813,                 1.7251,                0.23094,                0.03514,                 1.0016,                 1.3994,              0.0016304,              0.0016304,              0.0016304
                     59,                 1.5567,                0.22661,                0.13937,                0.90267,                 1.2118,                0.88215,                0.69319,                0.78427,                0.38729,                0.95334,                0.75674,                0.87695,                0.85019,                 1.7852,                0.22323,                0.04711,                 1.0237,                 1.4238,              0.0016238,              0.0016238,              0.0016238
                     60,                 1.5444,                0.17071,                0.11895,                0.92426,                 1.2105,                0.88598,                0.75926,                0.86804,                 0.4498,                0.91523,                0.79977,                0.90673,                0.87112,                  1.612,                0.19782,                0.02692,                0.95153,                 1.2957,              0.0016172,              0.0016172,              0.0016172
                     61,                 1.5377,                0.19158,                0.09719,                0.92777,                 1.1895,                0.95842,                0.85368,                0.92092,                0.48496,                0.98575,                0.90741,                0.96203,                0.93755,                 1.5702,                0.19775,                 0.0123,                0.87538,                 1.2733,              0.0016106,              0.0016106,              0.0016106
                     62,                 1.4074,                0.15524,                0.11694,                0.85157,                 1.1218,                0.84956,                0.83666,                0.90386,                0.44107,                0.94155,                0.89493,                0.96218,                0.93492,                  1.675,                0.19409,                0.00982,                0.91184,                 1.2974,               0.001604,               0.001604,               0.001604
                     63,                 1.3612,                0.17054,                0.09842,                0.79848,                 1.1343,                0.89325,                0.83333,                0.91494,                0.46882,                0.94291,                0.91765,                0.96765,                0.94753,                 1.6929,                0.18996,                0.00764,                0.92613,                 1.3564,              0.0015974,              0.0015974,              0.0015974
                     64,                 1.4134,                 0.1755,                0.11924,                 0.8553,                 1.1486,                0.93037,                 0.7963,                0.90365,                0.47122,                0.99721,                0.85185,                0.95823,                0.92084,                 1.7045,                0.22353,                 0.0074,                0.93585,                 1.3751,              0.0015908,              0.0015908,              0.0015908
                     65,                 1.4191,                0.20984,                0.11327,                0.86419,                 1.1653,                0.82018,                0.87037,                 0.9042,                0.42538,                0.95721,                0.82867,                0.95888,                0.92049,                 1.7694,                0.20428,                0.00615,                0.95855,                 1.4288,              0.0015842,              0.0015842,              0.0015842
                     66,                 1.4162,                0.21097,                 0.0722,                0.81008,                 1.1375,                0.88812,                0.88207,                0.89589,                0.42341,                0.94429,                0.94177,                0.98022,                0.95091,                  1.709,                0.18797,                0.00598,                 1.0363,                 1.4598,              0.0015776,              0.0015776,              0.0015776
                     67,                 1.4635,                0.19134,                0.08083,                0.85624,                 1.2083,                0.76807,                0.85185,                0.86539,                0.45649,                0.85241,                0.94444,                0.96589,                0.94087,                  1.699,                0.18204,                0.00815,                 0.8998,                 1.4282,               0.001571,               0.001571,               0.001571
                     68,                 1.4601,                0.18692,                0.06694,                0.84394,                 1.1591,                0.77985,                0.83333,                0.86735,                0.43388,                0.85908,                0.92593,                0.94796,                0.90829,                 1.8517,                0.21191,                0.01688,                0.99042,                 1.4901,              0.0015644,              0.0015644,              0.0015644
                     69,                 1.4152,                0.18077,                0.12378,                0.84706,                 1.1854,                0.95738,                0.83194,                0.91551,                0.43453,                0.99366,                0.87037,                0.97543,                0.94282,                 1.8111,                0.19487,                0.01414,                0.92356,                  1.507,              0.0015578,              0.0015578,              0.0015578
                     70,                 1.3807,                0.17204,                0.07319,                0.83097,                 1.1475,                 0.8571,                0.88889,                0.87922,                0.41076,                0.91016,                0.93813,                0.96716,                0.94897,                 1.8732,                0.17837,                0.00957,                0.95215,                 1.4858,              0.0015512,              0.0015512,              0.0015512
                     71,                 1.4021,                0.18823,                0.09142,                 0.7995,                 1.1542,                 0.8856,                0.83333,                0.89106,                0.42049,                0.92525,                0.91698,                0.97399,                0.95462,                 1.7836,                0.17471,                0.00707,                0.95576,                 1.4225,              0.0015446,              0.0015446,              0.0015446
                     72,                 1.3347,                0.17709,                0.11064,                0.80366,                 1.0941,                0.81799,                 0.7963,                0.84768,                0.39988,                 0.8877,                0.87037,                0.92677,                0.90551,                 1.8447,                0.15928,                0.00935,                0.98427,                 1.4946,               0.001538,               0.001538,               0.001538
                     73,                 1.4709,                0.19511,                0.09647,                0.83281,                 1.1637,                0.84104,                0.83333,                0.85195,                0.39539,                 0.9167,                0.90741,                 0.9468,                0.92604,                 1.8692,                0.15374,                0.00856,                0.94264,                 1.5045,              0.0015314,              0.0015314,              0.0015314
                     74,                 1.4312,                0.18407,                0.07938,                 0.7977,                 1.1483,                0.82717,                0.88635,                0.90869,                0.44203,                0.87895,                0.94127,                0.96381,                0.94278,                 1.7049,                0.15879,                0.00921,                0.92297,                 1.4229,              0.0015248,              0.0015248,              0.0015248
                     75,                 1.4116,                0.16019,                 0.1034,                0.83321,                 1.1323,                 0.8864,                0.86706,                0.88424,                0.47171,                0.96211,                0.94041,                0.96553,                0.94393,                 1.5772,                0.15729,                0.00668,                0.87033,                 1.3389,              0.0015182,              0.0015182,              0.0015182
                     76,                 1.3131,                0.17301,                0.06135,                0.79093,                 1.1174,                0.89758,                0.85185,                0.88277,                0.44104,                0.95612,                0.90741,                0.96242,                0.93676,                 1.6785,                0.16612,                 0.0058,                0.88924,                 1.4059,              0.0015116,              0.0015116,              0.0015116
                     77,                 1.4473,                0.17148,                0.08344,                0.80168,                 1.1476,                 0.8421,                0.88889,                0.89144,                0.46059,                0.88175,                0.92593,                0.94504,                0.92553,                 1.5304,                0.15878,                0.00616,                0.86967,                 1.3329,               0.001505,               0.001505,               0.001505
                     78,                 1.5254,                0.17332,                  0.105,                 0.8326,                 1.1834,                0.82868,                0.80624,                 0.8362,                 0.3641,                0.92379,                0.85185,                 0.9133,                0.88966,                 1.8185,                0.15898,                0.01544,                 1.0463,                 1.4685,              0.0014984,              0.0014984,              0.0014984
                     79,                 1.3867,                0.16307,                0.12409,                0.78902,                 1.1175,                0.85278,                0.81481,                0.84714,                0.40829,                0.90413,                0.87331,                0.93785,                0.91118,                 1.7549,                0.16297,                0.01246,                0.97072,                 1.3418,              0.0014918,              0.0014918,              0.0014918
                     80,                 1.3951,                0.14199,                0.05454,                0.84166,                 1.1143,                0.80286,                0.82964,                0.87709,                0.40099,                0.89096,                0.87037,                0.95338,                0.92439,                 1.6901,                0.19967,                0.01095,                 1.0588,                  1.277,              0.0014852,              0.0014852,              0.0014852
                     81,                  1.424,                0.13538,                0.08542,                 0.8241,                 1.1332,                0.81266,                0.87037,                0.90377,                0.46872,                0.83299,                0.90741,                0.93419,                0.91316,                 1.5571,                0.18228,                0.00928,                0.89881,                 1.2328,              0.0014786,              0.0014786,              0.0014786
                     82,                 1.4241,                0.15798,                0.13941,                0.84749,                 1.1175,                0.83311,                0.83333,                0.92555,                0.47204,                0.88554,                0.88889,                0.95451,                0.93548,                 1.6748,                0.17356,                0.01025,                0.91934,                 1.2764,               0.001472,               0.001472,               0.001472
                     83,                 1.3711,                0.16502,                0.09944,                0.82601,                 1.1281,                0.88056,                0.83333,                 0.9334,                0.48502,                0.93675,                0.88889,                 0.9675,                 0.9501,                 1.6219,                0.15737,                0.01107,                0.88188,                 1.2873,              0.0014654,              0.0014654,              0.0014654
                     84,                 1.4009,                0.16088,                0.09155,                0.84046,                 1.1693,                0.89807,                0.81581,                0.89079,                0.45438,                0.97993,                0.90412,                0.96032,                0.93008,                 1.6496,                0.19021,                 0.0135,                0.82024,                 1.3011,              0.0014588,              0.0014588,              0.0014588
                     85,                 1.2947,                0.15196,                0.08322,                0.74815,                 1.0994,                0.86439,                0.83333,                0.89022,                0.43611,                0.94123,                0.90741,                0.93248,                0.91068,                 1.7526,                0.16037,                0.01951,                0.95077,                 1.3594,              0.0014522,              0.0014522,              0.0014522
                     86,                 1.4285,                0.16392,                0.09745,                 0.7886,                 1.1415,                0.89317,                0.85185,                0.89846,                0.45425,                0.95142,                0.90741,                0.96685,                 0.9476,                 1.7936,                0.15231,                0.01423,                 0.9059,                 1.3836,              0.0014456,              0.0014456,              0.0014456
                     87,                 1.3959,                0.15032,                0.07902,                0.81109,                 1.1416,                0.94858,                0.83333,                0.91121,                0.44722,                0.99098,                0.87037,                0.96783,                0.94331,                 1.7367,                0.16657,                0.01493,                0.83573,                 1.3872,               0.001439,               0.001439,               0.001439
                     88,                 1.4675,                 0.1898,                0.10739,                0.85523,                 1.1896,                  0.886,                0.86364,                 0.8979,                0.41122,                0.94305,                0.92012,                0.97114,                0.94474,                 1.8397,                0.16722,                0.01147,                0.90402,                 1.4462,              0.0014324,              0.0014324,              0.0014324
                     89,                 1.3777,                 0.1544,                 0.1003,                0.80828,                 1.1334,                0.83465,                0.81481,                0.85129,                0.38161,                0.92003,                0.90741,                0.96793,                0.94175,                 1.9347,                0.15279,                0.01166,                0.94681,                  1.507,              0.0014258,              0.0014258,              0.0014258
                     90,                 1.3536,                  0.159,                0.09037,                0.81533,                 1.1205,                 0.9692,                0.77778,                0.91547,                0.43136,                0.91376,                0.87037,                0.94219,                0.92851,                 1.8063,                0.15114,                0.01656,                0.93438,                 1.4525,              0.0014192,              0.0014192,              0.0014192
                     91,                 1.3559,                0.16269,                0.09947,                0.77761,                 1.1465,                0.91436,                 0.7037,                0.86729,                0.41618,                0.95908,                0.74074,                0.90356,                0.88523,                 2.0038,                0.16658,                0.02346,                 1.2057,                 1.5751,              0.0014126,              0.0014126,              0.0014126
                     92,                 1.3333,                0.15277,                0.08509,                0.77354,                  1.123,                0.91791,                0.82836,                0.92576,                0.41926,                 0.9409,                 0.8846,                0.95169,                0.93514,                 2.0273,                0.12743,                0.01016,                0.95846,                 1.5122,               0.001406,               0.001406,               0.001406
                     93,                 1.3075,                 0.1477,                0.08542,                0.76973,                 1.1214,                0.93471,                0.81481,                0.89079,                 0.4065,                0.97243,                0.87037,                0.95933,                0.94757,                 1.9559,                0.13515,                0.00821,                0.95784,                 1.5288,              0.0013994,              0.0013994,              0.0013994
                     94,                  1.364,                0.17884,                0.08915,                0.74352,                 1.1279,                0.85869,                0.90033,                0.93886,                0.47149,                0.92326,                0.89122,                0.96398,                0.94548,                 1.6854,                0.13935,                0.00605,                0.85772,                 1.3564,              0.0013928,              0.0013928,              0.0013928
                     95,                 1.3413,                0.15151,                0.09709,                0.76168,                 1.1075,                0.94851,                0.85185,                0.95472,                 0.4656,                0.97361,                0.88889,                 0.9753,                0.95747,                  1.744,                0.14291,                0.00576,                0.84506,                 1.3434,              0.0013862,              0.0013862,              0.0013862
                     96,                 1.3489,                0.13999,                0.13258,                 0.7706,                 1.1256,                0.92146,                0.86911,                0.92849,                0.45147,                0.96071,                 0.9057,                0.96907,                0.95134,                 1.8111,                0.13484,                0.00807,                0.83883,                 1.4387,              0.0013796,              0.0013796,              0.0013796
                     97,                 1.2506,                0.15091,                0.08891,                0.70993,                 1.1081,                0.91462,                0.87037,                0.95309,                0.48496,                0.93443,                0.88889,                0.96497,                0.95465,                 1.6548,                  0.127,                0.00858,                0.78667,                 1.3261,               0.001373,               0.001373,               0.001373
                     98,                 1.3334,                0.16462,                0.13242,                0.72815,                 1.0967,                0.82009,                0.87037,                0.86231,                0.42426,                0.92153,                0.92593,                 0.9479,                0.92866,                 1.8348,                0.12882,                0.00911,                0.92509,                  1.496,              0.0013664,              0.0013664,              0.0013664
                     99,                 1.2896,                0.14367,                0.09523,                0.75625,                 1.0965,                 0.8905,                0.85185,                0.88893,                0.44634,                0.95015,                0.90741,                0.95508,                0.93938,                 1.7252,                0.13288,                0.00754,                0.85464,                 1.4084,              0.0013598,              0.0013598,              0.0013598
                    100,                 1.2736,                 0.1475,                  0.148,                0.71708,                 1.0908,                0.89578,                 0.7963,                0.85251,                0.42884,                 0.9596,                0.85185,                0.92859,                0.91004,                 1.7927,                0.14774,                0.01413,                0.95462,                 1.3983,              0.0013532,              0.0013532,              0.0013532
                    101,                  1.285,                0.13184,                0.06387,                0.72136,                 1.0804,                0.86713,                0.81481,                0.85618,                0.44636,                0.95536,                0.88889,                0.94146,                0.91417,                 1.7247,                0.14796,                0.01114,                0.91402,                 1.3555,              0.0013466,              0.0013466,              0.0013466
                    102,                 1.3517,                0.14769,                0.08587,                 0.7342,                 1.1105,                0.90082,                0.85185,                0.89004,                 0.4353,                0.96493,                0.90741,                0.95445,                0.91926,                 1.6734,                0.16125,                0.00627,                0.87666,                 1.3731,                0.00134,                0.00134,                0.00134
                    103,                 1.2483,                 0.1718,                0.08958,                0.74565,                  1.078,                0.89096,                 0.7963,                0.88102,                0.43532,                0.95992,                0.88717,                0.96759,                0.94124,                 1.7493,                0.15832,                0.00652,                0.95609,                 1.3838,              0.0013334,              0.0013334,              0.0013334
                    104,                 1.2774,                0.14171,                0.07856,                0.75207,                 1.0809,                0.91688,                 0.7963,                0.85224,                0.44467,                0.96097,                0.83333,                0.95934,                0.92093,                 1.6244,                0.18353,                0.01195,                0.92107,                  1.299,              0.0013268,              0.0013268,              0.0013268
                    105,                 1.2901,                0.15006,                0.07312,                0.72931,                 1.0947,                0.88993,                0.81481,                0.86179,                0.41022,                 0.9414,                0.87037,                0.95151,                0.91692,                 1.7282,                0.16171,                0.01278,                0.95734,                 1.3479,              0.0013202,              0.0013202,              0.0013202
                    106,                 1.2812,                0.13393,                0.07547,                0.70848,                 1.0992,                 0.8994,                0.87037,                0.92708,                0.48958,                0.93832,                0.90741,                0.97368,                0.95506,                 1.6472,                0.12856,                0.00681,                0.81317,                 1.3438,              0.0013136,              0.0013136,              0.0013136
                    107,                 1.2218,                0.14331,                0.08871,                0.70871,                 1.0682,                0.90913,                0.87037,                0.93457,                0.52782,                0.94782,                0.90741,                 0.9656,                 0.9477,                 1.5871,                0.12997,                0.00712,                0.76881,                 1.3027,               0.001307,               0.001307,               0.001307
                    108,                 1.2629,                0.12992,                0.06986,                0.70148,                 1.0476,                 0.8895,                0.88889,                0.95026,                0.51173,                0.97202,                0.88889,                 0.9647,                0.94066,                 1.6491,                0.15282,                 0.0109,                0.78123,                 1.2971,              0.0013004,              0.0013004,              0.0013004
                    109,                 1.2536,                0.14408,                0.07637,                0.75337,                 1.0651,                0.89428,                0.90741,                0.96093,                0.53781,                0.91253,                0.92593,                0.96468,                0.95709,                 1.5869,                0.13975,                0.00886,                0.76175,                 1.2636,              0.0012938,              0.0012938,              0.0012938
                    110,                 1.2529,                0.13036,                0.05487,                0.66985,                 1.0507,                0.91387,                0.83333,                0.92549,                0.49005,                0.94093,                0.88509,                0.95521,                0.94767,                 1.7073,                0.11942,                0.00869,                0.80725,                 1.3645,              0.0012872,              0.0012872,              0.0012872
                    111,                 1.2427,                 0.1254,                0.08273,                0.67421,                 1.0415,                0.89311,                0.81481,                0.91662,                 0.4895,                0.93491,                0.85185,                0.94476,                0.93513,                 1.5938,                0.12763,                0.01285,                0.81459,                 1.2914,              0.0012806,              0.0012806,              0.0012806
                    112,                 1.2366,                0.12871,                0.10101,                0.70489,                 1.0357,                0.89062,                0.75401,                0.85885,                 0.4138,                0.88221,                0.88889,                0.92053,                0.90029,                 1.8244,                0.14567,                0.02388,                0.97062,                 1.4036,               0.001274,               0.001274,               0.001274
                    113,                 1.2469,                0.12584,                0.07662,                0.72233,                 1.0546,                0.90561,                0.83333,                0.90167,                0.47673,                0.94664,                0.87037,                0.94358,                0.92182,                 1.6543,                0.14428,                0.01851,                 0.8986,                 1.3497,              0.0012674,              0.0012674,              0.0012674
                    114,                 1.3145,                0.13508,                0.09097,                 0.7492,                 1.0701,                0.85316,                0.88889,                0.92038,                0.50845,                0.92582,                0.87037,                0.94698,                0.92551,                 1.5497,                0.14541,                0.00752,                0.83747,                 1.3042,              0.0012608,              0.0012608,              0.0012608
                    115,                 1.2281,                0.12201,                0.09901,                0.71739,                 1.0541,                0.82575,                0.83333,                0.86926,                0.43647,                0.89979,                0.90741,                0.94615,                0.90765,                 1.7078,                0.15434,                0.00733,                0.89989,                 1.3876,              0.0012542,              0.0012542,              0.0012542
                    116,                 1.2955,                0.13127,                 0.1062,                0.75899,                 1.1069,                0.90523,                 0.7963,                0.88413,                0.47742,                0.96931,                0.85185,                0.95852,                0.91636,                  1.653,                 0.1728,                0.00954,                0.82155,                 1.3753,              0.0012476,              0.0012476,              0.0012476
                    117,                 1.2345,                0.13602,                0.07235,                0.72363,                 1.0578,                0.86902,                 0.7963,                0.86925,                0.46008,                0.95966,                0.88107,                0.95656,                 0.9291,                 1.6419,                0.15273,                0.01015,                0.82732,                 1.3872,               0.001241,               0.001241,               0.001241
                    118,                 1.2161,                0.13696,                 0.0786,                0.68719,                 1.0877,                0.78673,                0.81982,                0.83916,                0.41259,                 0.9419,                0.90071,                0.95645,                0.93526,                 1.8733,                0.13388,                0.01255,                 0.9132,                 1.5175,              0.0012344,              0.0012344,              0.0012344
                    119,                 1.1197,                0.13271,                0.11427,                0.68335,                 1.0303,                0.85046,                 0.7963,                0.84951,                0.42667,                0.96945,                0.90741,                0.97457,                  0.954,                 1.8694,                0.13027,                0.01469,                0.84873,                 1.5077,              0.0012278,              0.0012278,              0.0012278
                    120,                 1.1534,                0.11127,                0.07451,                0.66058,                 1.0444,                0.82352,                 0.7963,                0.85564,                0.42078,                0.94004,                0.90741,                0.96721,                0.94277,                 1.8855,                0.12823,                 0.0163,                0.86188,                 1.5472,              0.0012212,              0.0012212,              0.0012212
                    121,                 1.1583,                0.12409,                0.06138,                0.64616,                 1.0512,                0.82904,                0.77778,                0.86295,                0.43775,                0.95098,                0.88889,                0.96379,                0.94501,                 1.8377,                0.11904,                0.01049,                0.85294,                 1.5115,              0.0012146,              0.0012146,              0.0012146
                    122,                 1.0931,                0.13476,                0.06857,                0.67349,                 1.0119,                0.88458,                0.77778,                0.90204,                0.49018,                0.94907,                0.83333,                0.96371,                 0.9517,                 1.7144,                0.11416,                0.00588,                0.80185,                 1.3956,               0.001208,               0.001208,               0.001208
                    123,                 1.1739,                0.14512,                0.12246,                0.66943,                 1.0283,                0.91859,                0.83583,                0.93533,                0.47438,                0.95555,                0.88889,                0.95963,                0.94234,                 1.7579,                0.12403,                0.00612,                0.81281,                 1.4277,              0.0012014,              0.0012014,              0.0012014
                    124,                 1.2619,                0.14432,                0.08671,                0.75134,                  1.099,                0.93521,                0.80199,                0.91398,                0.46312,                0.93929,                0.87037,                0.95817,                0.93727,                 1.7262,                 0.1277,                0.00516,                0.82726,                 1.3896,              0.0011948,              0.0011948,              0.0011948
                    125,                 1.2656,                0.13473,                0.08081,                0.78131,                 1.0583,                0.95554,                0.79594,                0.91497,                0.45816,                0.99628,                0.85185,                0.96365,                0.94603,                 1.7338,                0.11552,                 0.0043,                0.81666,                 1.3589,              0.0011882,              0.0011882,              0.0011882
                    126,                 1.1176,                 0.1113,                0.07176,                0.64649,                 1.0486,                0.88873,                0.88751,                0.90206,                0.47004,                0.93992,                0.86922,                0.93049,                0.92188,                 1.7072,                0.11384,                0.00737,                0.88598,                 1.3751,              0.0011816,              0.0011816,              0.0011816
                    127,                 1.1971,                0.11955,                0.10152,                0.66796,                 1.0523,                0.89854,                0.82005,                0.89126,                0.46528,                0.91862,                0.83619,                0.91613,                0.90632,                 1.6918,                0.12522,                0.01311,                0.92729,                 1.3673,               0.001175,               0.001175,               0.001175
                    128,                 1.2138,                 0.1128,                0.08373,                 0.7104,                 1.0463,                0.85318,                 0.7963,                0.86222,                 0.4393,                0.95412,                0.83333,                0.94468,                0.92386,                 1.7788,                0.14748,                0.01248,                0.86904,                 1.4033,              0.0011684,              0.0011684,              0.0011684
                    129,                 1.2127,                0.12455,                 0.0557,                0.69446,                 1.0456,                0.86418,                 0.7963,                0.87482,                0.44656,                0.97077,                0.88889,                0.95973,                0.94047,                 1.6981,                0.13541,                0.00704,                0.86551,                 1.3522,              0.0011618,              0.0011618,              0.0011618
                    130,                 1.1368,                0.14868,                0.08036,                0.67294,                 1.0396,                0.84003,                0.92593,                0.95002,                0.47954,                0.90343,                0.90741,                0.97846,                0.96914,                 1.6928,                0.11228,                0.00374,                0.75975,                 1.3843,              0.0011552,              0.0011552,              0.0011552
                    131,                 1.1796,                0.12169,                0.03561,                0.65817,                 1.0065,                0.88128,                0.85185,                0.93316,                0.46756,                0.91974,                0.88889,                0.97416,                0.96688,                 1.7862,                0.11455,                0.00314,                0.78048,                 1.4083,              0.0011486,              0.0011486,              0.0011486
                    132,                 1.1995,                0.11917,                0.09046,                0.66932,                 1.0576,                0.93736,                0.83135,                0.93058,                0.51139,                0.95824,                0.84987,                0.95966,                0.95017,                 1.6075,                0.12235,                0.00335,                0.74534,                 1.3062,               0.001142,               0.001142,               0.001142
                    133,                 1.1578,                0.12994,                0.10555,                0.65625,                 1.0473,                 0.9709,                0.83333,                0.95024,                 0.4894,                0.97872,                0.85183,                0.96726,                0.94584,                  1.693,                0.13684,                0.00616,                0.75731,                 1.3473,              0.0011354,              0.0011354,              0.0011354
                    134,                 1.0988,                0.12255,                0.08507,                0.65163,                0.99761,                0.93745,                0.83261,                0.90519,                0.47024,                      1,                0.88716,                0.95224,                0.93256,                 1.7236,                0.15408,                0.00877,                0.81017,                 1.3413,              0.0011288,              0.0011288,              0.0011288
                    135,                 1.0939,                0.10464,                0.06302,                0.63703,                0.99836,                0.91839,                0.85185,                0.90003,                0.45569,                0.97933,                0.90741,                0.95625,                0.93806,                 1.7657,                0.14418,                0.01054,                0.84118,                 1.3686,              0.0011222,              0.0011222,              0.0011222
                    136,                 1.1685,                 0.1325,                0.11784,                0.67467,                 1.0502,                 0.8875,                0.90741,                0.92343,                0.46141,                0.96213,                0.92593,                0.97813,                0.95764,                  1.699,                0.14602,                0.00613,                0.80243,                 1.3495,              0.0011156,              0.0011156,              0.0011156
                    137,                 1.0972,                 0.1357,                0.09125,                0.66827,                 1.0053,                0.94334,                0.85185,                0.94699,                0.48164,                0.91177,                0.95694,                0.98487,                0.97818,                 1.6345,                0.12957,                0.00343,                0.72937,                 1.3034,               0.001109,               0.001109,               0.001109
                    138,                 1.0791,                0.10727,                0.07124,                0.61926,                0.99993,                0.93919,                0.85808,                0.94069,                0.46588,                0.98011,                0.91261,                0.97836,                 0.9714,                 1.5952,                0.10526,                0.00465,                0.71914,                 1.2925,              0.0011024,              0.0011024,              0.0011024
                    139,                 1.1598,                0.11402,                0.11108,                0.66396,                 1.0226,                0.90839,                0.85185,                 0.9059,                0.47831,                0.96046,                0.89984,                0.97198,                0.96793,                 1.5849,                0.10455,                0.00653,                 0.7213,                 1.3093,              0.0010958,              0.0010958,              0.0010958
                    140,                 1.0962,                 0.1086,                0.06985,                0.62142,                0.99903,                0.92411,                0.87037,                 0.9347,                0.44908,                0.97954,                0.88676,                0.97129,                0.96559,                 1.8094,                0.11082,                0.01017,                0.76635,                 1.4561,              0.0010892,              0.0010892,              0.0010892
                    141,                 1.0641,                0.12357,                0.08917,                0.63228,                 1.0063,                0.92415,                0.90258,                0.95595,                0.46446,                      1,                0.92243,                0.97655,                0.96678,                 1.7123,                0.11568,                0.00986,                0.74353,                 1.3541,              0.0010826,              0.0010826,              0.0010826
                    142,                 1.1619,                0.11593,                0.08241,                0.63017,                 1.0254,                 0.8058,                0.84532,                0.85727,                0.41488,                0.99583,                0.90741,                0.98159,                0.97139,                  1.826,                0.11796,                0.00791,                0.78097,                 1.3933,               0.001076,               0.001076,               0.001076
                    143,                 1.1483,                0.11061,                0.06652,                 0.6521,                 1.0247,                0.91716,                0.90741,                0.95211,                0.46142,                0.97331,                0.96296,                0.99018,                0.98086,                 1.7877,                0.11148,                0.00538,                0.75661,                 1.3575,              0.0010694,              0.0010694,              0.0010694
                    144,                 1.0809,                0.10973,                0.06954,                 0.6515,                0.99862,                0.92314,                0.90741,                0.96282,                0.46577,                0.98036,                0.92419,                0.98865,                 0.9805,                 1.8477,                0.11318,                0.00527,                0.78418,                 1.4209,              0.0010628,              0.0010628,              0.0010628
                    145,                 1.1757,                0.10287,                0.07545,                0.66159,                 1.0554,                0.87066,                0.87262,                0.90799,                0.43282,                0.94449,                0.94527,                0.98581,                0.97619,                 1.8962,                0.11556,                0.00671,                0.81363,                 1.4621,              0.0010562,              0.0010562,              0.0010562
                    146,                 1.1679,                0.11767,                0.07587,                0.66778,                 1.0481,                0.93388,                0.90741,                0.97857,                 0.5157,                0.95294,                0.92593,                0.98196,                0.96914,                 1.5854,                0.11948,                0.00621,                0.68334,                 1.2593,              0.0010496,              0.0010496,              0.0010496
                    147,                 1.1589,                0.11096,                0.10419,                0.71149,                  1.052,                0.93684,                0.85185,                0.95183,                0.50664,                0.99878,                0.90741,                0.98722,                 0.9815,                 1.6171,                0.11594,                0.00457,                0.68626,                 1.2784,               0.001043,               0.001043,               0.001043
                    148,                 1.1201,                0.11832,                  0.085,                0.60878,                 1.0072,                0.91606,                0.88889,                0.94903,                0.44835,                0.97942,                0.94444,                0.98799,                0.97477,                  1.697,                0.11583,                0.00416,                0.72315,                 1.3431,              0.0010364,              0.0010364,              0.0010364
                    149,                 1.2112,                0.13998,                0.08924,                0.68988,                 1.0256,                0.93526,                0.87037,                0.95864,                0.47877,                0.97517,                0.90741,                0.97855,                0.96391,                 1.6215,                0.12284,                0.00467,                0.72169,                 1.3067,              0.0010298,              0.0010298,              0.0010298
                    150,                 1.0822,                0.11077,                 0.0704,                0.60688,                  0.984,                 0.8969,                0.85185,                0.94115,                0.46618,                 0.9558,                0.90741,                0.97295,                0.95276,                 1.6101,                0.12901,                0.00733,                0.77612,                 1.3183,              0.0010232,              0.0010232,              0.0010232
                    151,                 1.1541,                0.11136,                0.07921,                0.63275,                  1.038,                0.90979,                0.77778,                0.90626,                0.45094,                0.92174,                0.88889,                0.95959,                0.94534,                 1.6733,                0.12616,                0.01068,                0.87814,                 1.3088,              0.0010166,              0.0010166,              0.0010166
                    152,                 1.1177,                0.10495,                0.06908,                0.61685,                 1.0102,                0.89184,                0.83333,                0.90448,                0.47767,                0.92425,                0.87037,                0.96145,                0.95066,                 1.6079,                 0.1173,                0.01085,                 0.7799,                 1.2698,                0.00101,                0.00101,                0.00101
                    153,                 1.1551,                0.11282,                 0.0926,                 0.6322,                 1.0053,                0.89674,                0.87037,                0.93524,                0.49029,                0.94308,                0.92593,                0.96925,                0.95808,                 1.6306,                0.11278,                0.00859,                0.78772,                 1.2971,              0.0010034,              0.0010034,              0.0010034
                    154,                 1.1504,                0.12338,                0.08249,                0.68035,                0.99948,                0.85559,                0.87783,                0.93252,                0.47612,                0.90771,                0.91074,                0.96931,                0.95774,                 1.6419,                0.11623,                0.00637,                0.78248,                 1.3216,              0.0009968,              0.0009968,              0.0009968
                    155,                 1.0816,                0.11049,                0.11522,                0.60887,                 1.0065,                0.88508,                0.87037,                0.89794,                 0.4543,                0.90428,                0.88889,                 0.9579,                0.94711,                 1.6129,                0.11769,                0.00811,                 0.8174,                  1.307,              0.0009902,              0.0009902,              0.0009902
                    156,                 1.0146,                0.10266,                0.05953,                0.58643,                0.95389,                0.80872,                0.87037,                0.87348,                0.47944,                0.86081,                0.92593,                 0.9487,                0.94199,                 1.5193,                0.11233,                0.00926,                0.78234,                 1.2681,              0.0009836,              0.0009836,              0.0009836
                    157,                 1.1517,                0.10418,                0.08842,                0.64793,                  1.033,                0.87981,                0.81341,                0.87254,                0.47676,                0.94657,                0.88889,                0.96889,                0.95825,                 1.5587,                0.11258,                0.01002,                0.78547,                 1.2889,               0.000977,               0.000977,               0.000977
                    158,                 1.0374,                0.10428,                0.11053,                0.62381,                0.99267,                 0.9125,                0.83333,                0.89513,                0.47633,                      1,                0.88752,                0.97268,                0.96728,                 1.7443,                0.11616,                0.00954,                 0.7737,                 1.3529,              0.0009704,              0.0009704,              0.0009704
                    159,                 1.1076,                0.11402,                0.08638,                0.61506,                  1.002,                 0.8752,                0.88889,                0.89542,                0.46571,                 0.9299,                0.94444,                0.97163,                0.96731,                 1.6949,                0.10117,                0.00594,                0.76533,                 1.3455,              0.0009638,              0.0009638,              0.0009638
